lane,mean_queue_m,max_queue_m
318210357#0_3,13.99,25.21
-31050360#2_1,12.1,21.0
:101333380_7_0,16.1,20.91
:1652675105_2_0,9.79,20.0
180239858#0_0,13.9,19.97
143308549#2_1,11.52,17.89
318210367#0_2,12.19,13.56
-190083610#1_0,6.99,13.56
-190083608#1_0,6.66,13.55
318210371#1_0,6.81,13.54
190083610#0_0,6.33,13.52
143308546#3_1,4.18,13.51
190083610#0_1,6.02,13.5
318210371#1_1,5.38,13.5
-142575699#0_0,5.84,13.5
:21540774_1_0,6.72,13.41
:1560223374_2_0,5.83,13.34
:1652675105_2_1,9.0,13.34
:671564296_3_0,6.51,13.33
:21540774_1_2,7.09,13.31
:3273797701_6_0,10.51,13.3
318210361#2_1,5.77,13.15
318210361#2_0,6.17,13.11
:294139689_8_0,8.75,12.47
204721579#6_0,6.36,12.07
:1976653172_0_0,8.42,11.23
320741895#2_2,7.01,11.04
206579062#3_0,9.97,10.65
:1906766907_6_0,9.29,10.58
414563781_3,6.77,10.5
:3366620152_0_3,8.63,10.2
:3246050928_0_1,9.47,9.6
:1652675133_1_0,8.7,9.18
318210363#1_0,7.98,8.85
318210363#1_1,7.81,8.85
:1560223510_0_0,7.41,7.99
318210389#0_1,6.76,7.79
:2627346828_0_0,7.62,7.69
:1560223378_2_0,6.96,7.58
320741895#1_1,4.68,7.03
320741895#1_2,6.6,7.01
143308552#2_1,5.54,6.87
143308552#2_0,6.15,6.84
:3246050932_0_0,5.63,6.23
:3246050932_0_1,5.4,6.18
190083618#0_2,5.88,6.14
190083618#0_1,5.66,6.09
-142575672#0_0,5.46,6.09
318210389#2_2,5.46,6.09
204721579#7_0,6.0,6.08
283317455#0_0,4.54,6.08
146511452_0,5.88,6.08
143308552#3_0,5.73,6.08
190083618#2_2,5.94,6.08
-318210371#2_0,5.66,6.07
190083618#2_1,5.77,6.07
318210357#2_3,5.66,6.07
-318210371#2_1,5.67,6.07
52036180#2_0,4.02,6.06
180239858#2_0,5.76,6.06
318210389#2_1,5.72,6.06
190083608#0_0,5.72,6.06
322724391#1_2,6.0,6.06
318210363#2_0,5.75,6.06
10735918#3_2,6.0,6.06
204721579#7_1,6.0,6.06
143308552#1_0,1.72,6.06
283317455#1_0,6.0,6.05
206579058#3_0,5.7,6.05
-52080655#0_1,5.61,6.05
180239858#2_1,5.66,6.05
180239843_0,5.63,6.05
172014854#2_0,5.25,6.05
670062909#0_0,5.01,6.05
143308532#8_0,3.01,6.05
-142575672#0_1,5.84,6.04
176039655_1,2.7,6.04
113575152#12_0,5.26,6.04
48858193#0_1,4.01,6.04
46039050#7_1,3.76,6.04
143308549#4_1,5.82,6.04
143308532#10_1,5.61,6.04
138624445#1_0,0.6,6.04
206579060#0_0,1.21,6.04
318210389#2_0,5.74,6.04
320741895#2_0,5.64,6.04
-52080655#0_0,5.54,6.04
190928926#0_0,3.28,6.04
143308542#16_0,2.26,6.04
10735918#3_0,6.0,6.04
-190083608#1_1,5.52,6.04
46039050#0_1,4.01,6.04
-146511461#1_0,4.92,6.04
677933664#3_1,6.01,6.03
677933664#0_0,2.0,6.03
48298278#2_0,6.0,6.03
142575704#19_0,5.67,6.03
146511452_1,5.61,6.03
38160001#1_0,5.84,6.03
-81639685#0_0,5.68,6.03
143308552#1_1,4.81,6.03
143308552#3_1,5.23,6.03
135777009_0,5.71,6.03
10735918#3_1,6.0,6.03
318210367#0_0,5.74,6.03
-31050360#0_1,5.72,6.03
318210363#2_1,5.57,6.03
320741895#2_1,5.63,6.03
206579062#4_1,5.62,6.03
283006416#0_0,2.01,6.02
138624421#0_0,0.8,6.02
-31050360#0_0,5.32,6.02
143308542#8_0,4.0,6.02
190083608#0_1,5.46,6.02
318210400#1_0,5.64,6.02
153021553#0_0,5.93,6.02
190928927#0_1,2.01,6.02
192204854#2_0,5.48,6.02
318210391#1_0,5.69,6.02
206579058#3_1,5.73,6.01
176039655_0,5.98,6.01
-52081075#2_0,2.0,6.01
318210367#0_1,5.55,6.01
318210360#0_4,2.0,6.01
206579060#1_0,4.72,6.01
-190083610#1_1,5.28,6.01
318210363#2_2,5.74,6.01
206579062#4_0,5.8,6.01
-138624421#16_0,5.0,6.01
143308532#10_0,5.63,6.01
143308542#4_0,5.0,6.01
153021553#0_1,4.5,6.01
142575704#17_0,5.59,6.01
143308549#4_0,5.8,6.01
143308555#0_0,5.07,6.01
143308542#8_1,4.8,6.01
283006416#0_2,4.5,6.01
206579064#1_1,5.05,6.01
143308542#11_1,3.0,6.01
81639678#0_0,2.94,6.0
48298278#2_1,6.0,6.0
679901152#0_1,3.0,6.0
318210380#2_1,5.68,6.0
318210379_0,5.45,6.0
318210360#0_0,3.0,6.0
283006416#1_2,5.56,6.0
318210361#1_1,3.43,6.0
318210363#0_0,4.5,6.0
318210383#0_0,1.2,6.0
318210386#1_0,3.33,6.0
40191606#1_2,3.0,6.0
38160001#0_0,5.08,6.0
322724391#0_2,3.0,6.0
322724391#1_0,6.0,6.0
40191606#1_1,5.14,6.0
318210396#1_0,4.2,6.0
143308587#0_1,6.0,6.0
143308546#3_0,4.86,6.0
143308542#16_1,4.5,6.0
143308542#11_0,6.0,6.0
:3366620155_0_0,5.57,5.89
:945142201_0_1,5.67,5.89
:945142201_0_0,5.58,5.88
:552384763_2_1,5.8,5.88
:1560223510_3_0,5.65,5.88
:3366620157_0_0,5.61,5.87
:2335739502_2_0,5.57,5.87
:1976653173_0_1,5.65,5.86
:1976653172_1_1,5.59,5.86
:2697454319_1_0,5.4,5.86
:1976653174_0_1,5.55,5.85
:2697454315_1_0,5.56,5.85
:1560223404_4_0,5.64,5.85
:2697454316_2_0,5.36,5.85
:294139689_5_2,1.95,5.84
:1976653174_0_0,5.56,5.84
:1976653173_0_2,2.91,5.84
:1652675105_8_0,5.22,5.83
:1976653172_1_3,5.5,5.82
:1976653174_0_2,5.63,5.82
:1976653173_0_4,5.46,5.82
:2697454318_2_0,5.54,5.82
:3273832597_0_0,5.62,5.81
:294139689_1_0,5.5,5.81
:593902037_2_0,4.97,5.81
:552384763_2_0,5.65,5.81
:38918157_1_0,3.87,5.81
:1976653172_1_0,5.26,5.81
:1976653174_0_3,5.8,5.81
:1560223404_7_0,5.29,5.8
:294139689_1_1,5.8,5.8
:21540774_1_1,5.38,5.8
:1976653173_0_0,4.93,5.8
320741895#0_0,5.75,5.75
-318210362_0,5.42,5.71
206579064#2_1,5.25,5.57
138624445#4_0,2.32,5.56
10735918#1_0,5.35,5.52
318210383#0_2,5.46,5.46
:5067394877_0_1,5.26,5.29
:5067394877_0_0,5.26,5.29
180239858#1_0,5.22,5.28
:3433831684_0_0,5.24,5.24
:3273797699_0_2,5.22,5.23
:5067394880_0_0,5.19,5.23
318210361#3_1,5.2,5.2
206889078_0,4.5,5.2
:1906766923_1_1,4.78,5.19
:5067394880_0_1,5.19,5.19
52036180#6_1,5.12,5.16
71960633#2_0,5.16,5.16
43660344_1,4.33,5.14
43660344_0,5.12,5.14
:671564384_19_0,2.57,5.14
-143308515_0,3.84,5.14
-461093310_0,5.13,5.13
:38918157_5_0,3.84,5.13
:1560223404_1_0,5.04,5.13
206889078_1,5.11,5.13
461093310_0,4.95,5.13
-142575699#4_0,4.43,5.13
461093309#0_0,2.56,5.12
142575700#9_0,3.41,5.12
-142575661#0_0,2.56,5.11
142575656#6_0,5.1,5.11
:1560223462_1_0,2.04,5.11
:1560223382_7_0,1.28,5.11
375685662#1_0,3.97,5.11
-81096583_0,3.83,5.11
318210386#2_0,3.83,5.11
-26991766#7_0,5.1,5.11
-143308527#0_0,1.7,5.1
-46480995_0,2.55,5.1
-52081075#0_0,4.08,5.1
204721579#6_1,5.1,5.1
-143308525_0,5.1,5.1
:1625633841_3_0,2.55,5.1
:1625633844_8_0,3.4,5.1
142575674#5_0,2.55,5.1
142575693#7_0,1.7,5.1
:5067394882_0_0,5.07,5.08
143308570_0,4.19,5.04
48298278#0_0,0.84,5.02
206579064#2_0,5.01,5.01
231626692#4_1,5.0,5.0
318210360#2_1,5.0,5.0
31050360#1_0,4.38,5.0
283006416#1_1,5.0,5.0
206579090#1_1,5.0,5.0
52243916#0_0,3.75,5.0
143308487_0,4.88,5.0
